id,supplierType,code,companyName,companyRegNo,countryRegistered,companyAddr,companyUnitNo,companyPostalCode,companyPhone,companyEmail,companyWebsite,contactFname,contactLname,contactPhone,contactNationality,contactIdType,contactId,contacIdExpiry,contactOccupation,contactDesignation,liscProviderName,remitLiscNum,remitLiscExpiry,liscDocUrl,isPayoutPartner,activeStatus
0,1,AG-CORP-7362204V,BlogXS,88327414Y,China,6 Mcbride Hill,79-583,,813-600-3739,aabdey0@ox.ac.uk,http://skyrock.com,Ashlee,Abdey,972-899-8485,Haitian Creole,FIN,T36859525Z,13/3/2030,Social Worker,Specialist,Iguana iguana,57815486X,20/12/2040,http://soundcloud.com,y,2
1,1,AG-CORP-9134762S,Meeveo,01058071K,Thailand,3 Thierer Terrace,94-561,95140,875-137-7501,dfendlen1@github.io,https://rakuten.co.jp,Dacia,Fendlen,637-357-5483,Moldovan,Permanent Resident Card,L69715324O,13/8/2028,General Manager,Manager,Zosterops pallidus,60901760E,1/6/2032,https://hud.gov,n,2
2,1,AG-CORP-9049717D,Eidel,80902485L,China,1660 Kings Parkway,65-441,,207-330-1180,ldayes2@arstechnica.com,http://moonfruit.com,Laura,Dayes,118-220-8259,Bulgarian,Identification Card,L17161327V,25/11/2022,Design Engineer,Specialist,Suricata suricatta,41143059Z,18/6/2039,http://devhub.com,y,2
3,1,AG-CORP-9898349R,Kazu,65108484Q,China,6843 Algoma Drive,57-338,,448-813-2046,cbritian3@amazon.co.uk,http://boston.com,Crista,Britian,989-462-3167,Dari,Passport,A56520215G,8/9/2028,Clinical Specialist,Director,Cercopithecus aethiops,90895180P,19/3/2030,https://ycombinator.com,n,2
4,1,AG-CORP-0318946O,Twimbo,61335607F,China,439 Calypso Way,78-230,,152-309-5397,eemmott4@sakura.ne.jp,http://deliciousdays.com,Eddy,Emmott,428-895-4422,Tamil,Social Security Card,J31979288J,11/8/2023,Clinical Specialist,Director,Lorythaixoides concolor,34780899M,15/4/2019,http://altervista.org,n,0
5,1,AG-CORP-5484253F,Skinder,03278918A,China,5560 Susan Avenue,46-940,,254-821-1092,kconrad5@oaic.gov.au,https://ovh.net,Kacy,Conrad,821-898-8160,Somali,Birth Certificate,X62111796N,5/9/2022,Assistant Professor,Director,Branta canadensis,28767252X,10/11/2027,https://constantcontact.com,y,2
6,1,AG-CORP-8527450Z,Voonyx,05086497I,China,52 Corry Terrace,34-963,,824-642-1544,kdebrick6@ihg.com,http://google.ru,Kelvin,Debrick,470-226-3307,Marathi,Identification Card,V81499274L,19/10/2041,Web Designer II,Assistant,Cercopithecus aethiops,44447949V,4/1/2032,http://friendfeed.com,n,2
7,1,AG-CORP-7339274H,Blogtag,56159240M,China,8045 Summer Ridge Court,47-939,,853-630-7616,lmonteath7@businessinsider.com,https://creativecommons.org,Lillian,Monteath,436-901-6956,Assamese,Senior Citizen ID,G86531518Z,16/10/2022,Recruiter,Specialist,Cordylus giganteus,47848178Q,3/7/2035,https://flickr.com,y,1
8,1,AG-CORP-7444382J,Youspan,97166946V,China,5280 Lillian Alley,54-135,,136-502-6183,mbalchen8@nsw.gov.au,http://creativecommons.org,Moreen,Balchen,177-388-5616,Maltese,NRIC,N62307480A,15/5/2024,Human Resources Manager,Specialist,Ovis ammon,90617589D,5/4/2040,https://1und1.de,y,2
9,1,AG-CORP-0598872B,Centimia,11514313Z,China,43 Crescent Oaks Alley,24-883,,499-571-9079,lboutell9@chron.com,https://t-online.de,Linnell,Boutell,419-328-0600,Hiri Motu,Tax Payer ID,V03990977O,17/8/2017,Tax Accountant,CEO,Buteo galapagoensis,65038062A,24/5/2042,https://google.cn,y,2
10,1,AG-CORP-5359127H,Kanoodle,08558022A,China,602 Hauk Junction,73-788,,931-998-3015,rratleea@gov.uk,https://harvard.edu,Rodolph,Ratlee,808-555-1012,Georgian,PAN Card,A75680427J,5/1/2019,Mechanical Systems Engineer,CEO,Anthropoides paradisea,15614257L,25/3/2031,https://taobao.com,y,1
11,1,AG-CORP-6015285M,Voonte,77903930Q,China,589 Harper Hill,34-737,,434-471-8769,hstallionb@cnet.com,http://feedburner.com,Harriet,Stallion,520-297-2779,Gujarati,Singapore Work Permit,G28559473F,4/6/2019,Help Desk Technician,Director,Eudyptula minor,88044830N,19/4/2035,https://amazon.co.uk,y,2
12,1,AG-CORP-0987438B,Tanoodle,17636149R,China,58 David Plaza,10-206,,174-594-6658,cduckelsc@hhs.gov,http://domainmarket.com,Calli,Duckels,223-390-5367,Catalan,NRIC,S53993282P,29/12/2027,Social Worker,Specialist,Ciconia episcopus,61593692Z,28/2/2026,https://eventbrite.com,y,2
13,1,AG-CORP-2799364P,Ooba,52618983P,China,42 Talmadge Hill,92-195,,921-283-5861,mdibdalld@marketwatch.com,https://ucsd.edu,Marius,Dibdall,433-105-8675,English,FIN,A52524136L,28/7/2025,Community Outreach Specialist,Director,Pytilia melba,04190739X,25/11/2033,https://weibo.com,y,2
14,1,AG-CORP-3984244B,Jaxnation,36929976X,Thailand,909 Dahle Drive,00-321,10240,869-846-2108,rcoltharde@bloomberg.com,http://uiuc.edu,Ramsey,Colthard,350-534-5850,West Frisian,Passport,N64177965T,22/9/2035,Recruiter,Manager,Cathartes aura,58483031M,1/5/2021,https://globo.com,y,2
15,1,AG-CORP-7991817E,Flipbug,61161359M,China,7427 Di Loreto Crossing,73-543,,948-900-8195,tswynf@elegantthemes.com,http://washington.edu,Tommie,Swyn,606-661-5800,Greek,Social Security Card,X58314656J,23/12/2042,Graphic Designer,Manager,Tiliqua scincoides,03050901O,25/11/2043,https://google.com.au,n,2
16,1,AG-CORP-8912162M,Mynte,92253287J,United States,937 School Drive,35-713,71213,318-763-9291,sdinapolig@freewebs.com,https://google.ru,Seka,Di Napoli,179-498-1789,Spanish,Social Security Card,W56161371W,19/12/2029,Human Resources Assistant I,CEO,Aegypius tracheliotus,57370829K,11/7/2021,https://fema.gov,y,2
17,1,AG-CORP-5405388B,Gigaclub,37037724L,United States,1 Center Place,37-932,80915,719-658-4450,chindesh@utexas.edu,https://whitehouse.gov,Celinka,Hindes,417-434-9566,Albanian,Permanent Resident Card,C38648691H,12/11/2039,Junior Executive,Specialist,Marmota caligata,96774703O,27/9/2029,https://accuweather.com,y,2
18,1,AG-CORP-8480280W,Agimba,42768323E,China,3941 Doe Crossing Court,84-073,,706-325-9336,cbourdicei@nymag.com,http://fema.gov,Chiquita,Bourdice,467-713-3599,Danish,Passport,W41965243E,25/10/2036,Cost Accountant,Manager,Ara chloroptera,82902154Z,23/11/2042,https://addthis.com,n,2
19,1,AG-CORP-0246540B,Fanoodle,87816719E,China,643 Northridge Road,13-469,,533-865-9162,jthorpj@ucoz.com,http://ameblo.jp,Jammal,Thorp,531-145-9690,Bislama,Voter Identification Card,E81918802O,18/12/2024,Human Resources Assistant III,CEO,Tyto novaehollandiae,06725274V,8/2/2044,https://lulu.com,y,2
20,1,AG-CORP-5472602K,Pixonyx,35823857J,China,744 Corry Trail,13-067,,324-351-6470,mkuhnkek@indiatimes.com,http://ftc.gov,Mikey,Kuhnke,885-421-3619,Persian,Singapore Work Permit,L19273569V,29/12/2032,Pharmacist,Director,Propithecus verreauxi,62876061Z,23/11/2032,https://omniture.com,y,2
21,1,AG-CORP-1387674F,Mynte,92757163H,China,9 Fieldstone Parkway,84-561,,522-557-7797,mextalll@berkeley.edu,http://bluehost.com,Myranda,Extall,724-615-7735,Malagasy,NRIC,T25471207S,13/11/2041,Web Designer III,CEO,Callipepla gambelii,73781821F,12/4/2032,https://xing.com,y,1
22,1,AG-CORP-3277487E,Pixoboo,18464483P,China,82388 Harper Street,96-642,,408-752-3160,aellitm@pen.io,https://wikispaces.com,Alfie,Ellit,804-661-2886,Moldovan,FIN,G41068880L,15/8/2032,Assistant Media Planner,Assistant,Meleagris gallopavo,87260812I,24/10/2039,http://dell.com,n,1
23,1,AG-CORP-0231355B,Leenti,75579953Z,China,84319 Sundown Terrace,64-761,,144-508-1824,otegellern@adobe.com,http://about.com,Oliviero,Tegeller,755-533-8513,Chinese,Identification Card,A34358343C,21/10/2021,Safety Technician I,Assistant,Kobus defassa,23671429T,23/3/2044,http://sun.com,y,2
24,1,AG-CORP-8844359B,Realbuzz,36599582O,United States,70 4th Court,89-204,92105,619-161-7665,mlakero@nydailynews.com,https://house.gov,Mirelle,Laker,989-941-2978,Polish,NRIC,Q90562996S,15/11/2032,Biostatistician IV,Manager,Phacochoerus aethiopus,70599969G,8/7/2027,http://t.co,y,2
25,1,AG-CORP-4249888N,Rhyloo,37502990Z,China,81718 Debs Trail,80-777,,100-590-7007,ohuardp@youku.com,http://so-net.ne.jp,Olvan,Huard,327-524-3085,Telugu,Village Elder ID,J00307676A,10/6/2034,Junior Executive,Specialist,Aonyx cinerea,05047712D,23/1/2027,https://sitemeter.com,y,2
26,1,AG-CORP-0148841G,Eazzy,54519114M,China,798 3rd Hill,82-594,,750-518-8770,glilbourneq@mayoclinic.com,http://uol.com.br,Gay,Lilbourne,157-734-6681,Dhivehi,Health Insurance Card,L32936022A,31/7/2021,Web Developer IV,Assistant,Dasyurus maculatus,63227372T,19/8/2037,https://opera.com,y,1
27,1,AG-CORP-9870225U,Rhybox,67515565W,China,785 Almo Alley,85-800,,528-170-0892,jwapler@yandex.ru,https://alibaba.com,Johnna,Waple,211-308-2794,Oriya,Tax Payer ID,I97388940M,20/9/2021,Senior Developer,Specialist,Macropus giganteus,88815091U,23/4/2023,https://digg.com,y,2
28,1,AG-CORP-4706206L,Photojam,78645822Q,Thailand,485 Schiller Center,15-605,49150,159-386-6348,egreenleess@homestead.com,https://seesaa.net,Eward,Greenlees,645-555-5291,Catalan,Voter Identification Card,D51654704M,11/9/2043,Account Coordinator,Manager,Boa caninus,93455311O,12/7/2044,http://unesco.org,n,2
29,1,AG-CORP-1662518L,Jetwire,37129801O,China,803 Browning Plaza,85-806,,155-256-9487,gtippettst@unicef.org,https://twitter.com,Guenevere,Tippetts,829-516-3464,Korean,Birth Certificate,I78334427R,20/5/2041,Biostatistician II,Director,Halcyon smyrnesis,98599144A,23/10/2037,http://mapy.cz,n,2
30,1,AG-CORP-8798196P,Voonder,96526146Z,China,06717 Fieldstone Lane,35-410,,674-962-6032,ktorfinu@usatoday.com,http://princeton.edu,Kimmy,Torfin,150-654-5839,Gagauz,PAN Card,U02588098N,27/7/2040,Cost Accountant,Director,Cynictis penicillata,14887810S,10/1/2043,http://paginegialle.it,n,2
31,1,AG-CORP-4240125J,Babbleopia,72137861V,China,9475 North Drive,33-973,,822-116-6454,cdeavillev@spiegel.de,http://sohu.com,Cece,Deaville,729-237-4169,Malay,PAN Card,Y22634466P,28/1/2038,VP Quality Control,Manager,Bubalus arnee,21100560R,5/1/2024,https://google.com.hk,y,2
32,1,AG-CORP-9774491U,Fliptune,52765144H,China,98 La Follette Way,65-203,,283-553-4514,imulhollandw@freewebs.com,https://tmall.com,Ivan,Mulholland,806-581-6431,Tetum,Village Elder ID,R17936117M,26/12/2044,Biostatistician II,Specialist,Plegadis falcinellus,88561814Z,5/5/2020,https://intel.com,y,2
33,1,AG-CORP-1680399Q,Feedfish,73828408Y,China,91 Prairie Rose Center,74-991,,175-928-5652,cbreydinx@google.co.jp,https://state.gov,Callida,Breydin,165-997-6231,Hungarian,Employer ID Card,D39643746M,23/12/2029,Automation Specialist II,Assistant,Eumetopias jubatus,76917859Q,5/2/2027,http://biglobe.ne.jp,n,2
34,1,AG-CORP-6724211G,Wikibox,87891100I,China,5 Oak Valley Park,68-322,,887-194-3330,kgetleyy@npr.org,https://friendfeed.com,Kaylyn,Getley,381-628-3860,German,Senior Citizen ID,V44387163F,18/2/2022,Editor,Manager,Isoodon obesulus,29482001G,20/4/2032,https://gizmodo.com,y,2
35,1,AG-CORP-0166682G,Photofeed,76122929T,China,261 Farwell Plaza,87-245,,323-191-8605,iroscampsz@upenn.edu,https://jalbum.net,Iona,Roscamps,294-525-7473,Mongolian,FIN,S86877723S,16/10/2035,Actuary,CEO,Aonyx capensis,80849247I,2/7/2033,https://sogou.com,n,2
36,1,AG-CORP-0439927A,Realcube,29506046V,China,45773 Marcy Avenue,15-418,,768-769-4076,jtrice10@mozilla.com,http://wufoo.com,Joey,Trice,143-532-2952,Luxembourgish,Permanent Resident Card,I63835289W,22/2/2036,Administrative Assistant III,Assistant,Connochaetus taurinus,45692661U,2/3/2032,https://google.it,n,1
37,1,AG-CORP-1146638I,LiveZ,01460422E,China,59471 Merchant Alley,20-539,,314-952-9710,fwomersley11@go.com,http://wiley.com,Fancy,Womersley,331-575-1061,Kazakh,Identification Card,Q64678859T,21/6/2040,Director of Sales,Manager,Psophia viridis,72874071U,23/5/2022,https://cargocollective.com,n,2
38,1,AG-CORP-1311476M,Fivespan,00726125G,China,41 Upham Junction,75-872,,776-330-8720,atwort12@symantec.com,http://microsoft.com,Alberta,Twort,919-639-9993,Armenian,Voter Identification Card,L56462447N,26/3/2026,Food Chemist,Manager,Colaptes campestroides,22458173C,23/8/2028,https://intel.com,n,2
39,1,AG-CORP-1693817C,Dabshots,83573156R,United States,96714 Sommers Way,49-432,14905,607-516-5237,wellin13@ehow.com,http://storify.com,Wallace,Ellin,624-979-7996,Mongolian,Birth Certificate,Z27057076I,12/2/2025,Product Engineer,Specialist,Mazama gouazoubira,29225452W,3/4/2026,https://abc.net.au,y,2
40,1,AG-CORP-2267800E,Rhycero,97415175Z,China,0224 Emmet Park,91-963,,451-263-8755,gperkinson14@cbsnews.com,https://discuz.net,Genevieve,Perkinson,224-853-4767,Lithuanian,Passport,B26222477I,2/11/2026,Web Developer III,Specialist,Tringa glareola,36706675V,29/3/2041,https://indiatimes.com,y,1
41,1,AG-CORP-6123028U,Dabvine,49042185S,China,54 Kropf Street,88-692,,339-215-9572,hcannings15@slideshare.net,http://seesaa.net,Herminia,Cannings,398-650-9299,Portuguese,Tax Payer ID,L68475887H,26/8/2025,Professor,Assistant,Macropus robustus,21719539V,19/4/2043,https://miibeian.gov.cn,n,2
42,1,AG-CORP-1715678W,Skipfire,98863489F,China,428 Arkansas Place,35-437,,984-771-4749,wabrahamian16@ask.com,https://people.com.cn,Wallie,Abrahamian,978-288-2999,Bengali,Birth Certificate,Q47606762S,8/11/2039,Project Manager,Director,Falco peregrinus,93647479D,10/5/2030,http://oracle.com,n,2
43,1,AG-CORP-5873728X,Mybuzz,83125287V,United States,36407 Autumn Leaf Street,59-513,68505,402-391-6829,ftollmache17@ocn.ne.jp,http://123-reg.co.uk,Francisco,Tollmache,293-655-7537,Zulu,NRIC,J38525272Y,25/11/2017,Research Assistant I,CEO,Platalea leucordia,57075825J,11/5/2045,http://businessinsider.com,n,2
44,1,AG-CORP-1259403Q,Centimia,89725913E,China,706 Summit Circle,64-779,,140-914-5517,amcalroy18@nytimes.com,http://ox.ac.uk,Arlene,McAlroy,421-470-8401,Ndebele,Permanent Resident Card,T69943251A,8/11/2038,Help Desk Operator,Specialist,Irania gutteralis,70909164E,28/5/2039,https://fotki.com,y,2
45,1,AG-CORP-1199278V,Yozio,42092485Y,China,211 Sunbrook Drive,01-781,,312-520-1894,astorcke19@answers.com,http://yolasite.com,Abdul,Storcke,198-886-8469,Burmese,Permanent Resident Card,H63510999N,7/10/2034,Desktop Support Technician,Manager,Choloepus hoffmani,25938488B,2/8/2020,https://about.com,n,2
46,1,AG-CORP-1835004G,Feedfish,71325820A,China,2 Truax Place,56-594,,433-897-8984,rheigl1a@csmonitor.com,https://latimes.com,Romola,Heigl,361-666-3429,Somali,FIN,L66379854V,4/11/2024,Senior Cost Accountant,CEO,Canis dingo,89862240F,10/7/2042,http://1und1.de,y,2
47,1,AG-CORP-9148859L,Brainverse,85626091U,China,56617 Coleman Parkway,63-707,,731-420-6389,ldaventry1b@unesco.org,http://census.gov,Lorry,Daventry,362-119-4712,Ndebele,Voter Identification Card,V69531747I,4/8/2029,Research Assistant IV,Specialist,Lorythaixoides concolor,77968285R,16/9/2024,http://rakuten.co.jp,y,2
48,1,AG-CORP-7409258U,Tavu,98352377L,China,8434 Dwight Road,98-425,,872-664-7149,nmarcombe1c@rakuten.co.jp,http://examiner.com,Nevile,Marcombe,902-511-6052,Dhivehi,FIN,P72242885C,14/9/2039,Director of Sales,CEO,Leipoa ocellata,65586479U,1/10/2031,http://globo.com,y,2
49,1,AG-CORP-4415884X,Shufflebeat,72987167L,China,7556 Melby Terrace,39-127,,199-270-1114,kshrimpling1d@marketwatch.com,http://yandex.ru,Kenn,Shrimpling,156-170-1591,Dzongkha,FIN,X57898889Y,22/1/2028,Environmental Tech,Director,Sylvilagus floridanus,37892151Y,22/3/2045,https://reference.com,n,2
50,1,AG-CORP-4481190J,Wikizz,20594667U,China,613 Pennsylvania Place,52-262,,170-362-7125,aferraraccio1e@google.co.uk,https://behance.net,Avivah,Ferraraccio,461-248-3367,Gagauz,Tax Payer ID,T30542613F,25/6/2035,Web Developer I,Assistant,Macaca mulatta,99238857V,31/8/2028,http://skyrock.com,n,2
51,1,AG-CORP-0872212F,Shuffledrive,65383681Q,China,699 Dennis Road,24-400,,510-924-9708,abonick1f@newyorker.com,http://123-reg.co.uk,Alexia,Bonick,303-641-9704,Tamil,Passport,C51831462T,18/9/2021,Design Engineer,CEO,Ictonyx striatus,08123442E,24/9/2035,https://archive.org,n,2
52,1,AG-CORP-1853623I,Livetube,54070467S,China,19 Esker Pass,67-327,,296-980-5203,wmcalroy1g@example.com,http://skype.com,Wallas,McAlroy,288-938-4276,Khmer,Birth Certificate,J31559971K,22/12/2029,VP Sales,Manager,Cochlearius cochlearius,35307938Q,20/9/2025,http://netvibes.com,n,2
53,1,AG-CORP-9892944P,Tanoodle,21952308P,China,7 Kenwood Way,03-832,,959-256-8325,menzley1h@baidu.com,http://bing.com,Michelina,enzley,516-329-1926,Filipino,NRIC,F49551396B,27/9/2019,Business Systems Development Analyst,Manager,Motacilla aguimp,01372579E,17/5/2038,https://comcast.net,n,2
54,1,AG-CORP-9057205P,Fivespan,86477774Y,China,7994 Morning Court,44-228,,613-483-7098,acashin1i@cam.ac.uk,http://barnesandnoble.com,Ara,Cashin,982-648-6779,Indonesian,NRIC,Q61060689N,23/5/2027,Developer III,CEO,Potos flavus,47202939T,24/4/2045,http://taobao.com,y,2
55,1,AG-CORP-2347122A,Eimbee,36102060Y,China,0972 Riverside Street,28-094,,720-271-3936,dethridge1j@mysql.com,https://acquirethisname.com,Ddene,Ethridge,731-494-9489,West Frisian,Social Security Card,Z72544249C,27/5/2028,Project Manager,Manager,Perameles nasuta,35942418Z,25/8/2023,http://livejournal.com,y,2
56,1,AG-CORP-1798583O,Feedfire,47256922O,Thailand,3 High Crossing Hill,78-598,54140,467-809-1520,kroast1k@fotki.com,http://irs.gov,Katharine,Roast,886-891-2747,Mongolian,Birth Certificate,R67171998X,27/2/2027,Environmental Tech,CEO,Balearica pavonina,54523953W,11/2/2037,https://qq.com,y,2
57,1,AG-CORP-6797376H,Browsedrive,06259125V,China,092 Sugar Trail,80-520,,731-537-3620,tcullerne1l@tripod.com,http://jugem.jp,Terrijo,Cullerne,814-929-3173,Guaraní,FIN,Q79621350W,21/3/2042,Director of Sales,CEO,Sciurus vulgaris,93372543Z,28/2/2045,https://gnu.org,n,2
58,1,AG-CORP-9124529V,Realbridge,28058794U,China,74 Warner Street,37-445,,687-709-6343,kverner1m@symantec.com,https://ning.com,Killy,Verner,839-550-8546,Kannada,Permanent Resident Card,S44206150C,4/9/2032,Software Consultant,Director,Heloderma horridum,58307338T,18/9/2032,http://yelp.com,n,1
59,1,AG-CORP-4356635K,Innotype,34010926P,China,4 Northland Plaza,76-644,,347-915-4465,kcescotti1n@wikimedia.org,https://columbia.edu,Keary,Cescotti,336-149-7359,Montenegrin,PAN Card,D25925981I,20/7/2030,VP Accounting,CEO,Naja sp.,01935849L,17/3/2035,http://goodreads.com,y,2
60,1,AG-CORP-4111576Q,Jayo,74081590U,China,2 Bay Pass,99-792,,383-248-8951,trocco1o@omniture.com,http://google.co.uk,Theresa,Rocco,323-996-9689,Korean,Driving License,C91309535O,20/11/2031,Nurse Practicioner,Assistant,Tachybaptus ruficollis,50141969I,1/5/2034,https://jigsy.com,n,1
61,1,AG-CORP-9430058H,Twitterlist,92052560H,China,079 Stoughton Center,09-298,,842-123-9764,etruesdale1p@nytimes.com,https://sciencedirect.com,Elton,Truesdale,966-106-9234,Sotho,Birth Certificate,Y20910467Y,14/2/2021,Nuclear Power Engineer,Specialist,Ara ararauna,57333502Z,17/2/2024,https://linkedin.com,n,2
62,1,AG-CORP-3147269U,Jayo,40559201I,China,5859 Cardinal Terrace,29-393,,850-622-2750,croyall1q@ft.com,https://guardian.co.uk,Costanza,Royall,760-328-9089,Tetum,Singapore Work Permit,D53392939W,24/10/2018,Civil Engineer,CEO,Francolinus leucoscepus,11774890M,24/2/2024,http://hatena.ne.jp,y,1
63,1,AG-CORP-0505674K,Zoomlounge,94926243L,China,72963 Arrowood Plaza,91-326,,199-671-2572,hnelsey1r@seesaa.net,http://theatlantic.com,Henri,Nelsey,635-927-4327,Dutch,PAN Card,Q76873304E,22/1/2019,Help Desk Operator,Assistant,Gazella granti,83787991M,19/1/2043,http://bing.com,y,2
64,1,AG-CORP-2075188Y,Zooxo,51361084Z,Thailand,53 Harbort Junction,86-973,83120,196-253-9568,tcivitillo1s@yale.edu,http://dagondesign.com,Terrye,Civitillo,398-872-9051,Kurdish,FIN,C69307195W,25/7/2027,Speech Pathologist,Assistant,Tayassu tajacu,71326713V,7/7/2017,http://geocities.com,y,1
65,1,AG-CORP-3015689N,Oyonder,50800317A,China,49 Burning Wood Trail,28-653,,169-906-1564,gpapes1t@upenn.edu,http://over-blog.com,Gretchen,Papes,800-482-2026,Swahili,Identification Card,I12974626H,5/12/2024,Environmental Specialist,Specialist,Sceloporus magister,00121274H,8/12/2025,http://ted.com,n,0
66,1,AG-CORP-6873534B,Jaxworks,64818829X,China,2 Lunder Parkway,22-576,,373-795-5284,splayle1u@japanpost.jp,https://goodreads.com,Sampson,Playle,865-951-7117,Amharic,NRIC,R53299229V,22/5/2045,Speech Pathologist,Specialist,Epicrates cenchria maurus,63420252B,7/5/2038,http://prlog.org,n,2
67,1,AG-CORP-9258566E,Centimia,76112646A,China,55000 Lukken Pass,76-786,,859-793-6465,kmccandie1v@edublogs.org,https://imageshack.us,Klemens,McCandie,823-248-6924,Latvian,Permanent Resident Card,H46219931Y,14/11/2037,Pharmacist,Specialist,unavailable,09854690B,10/4/2044,https://spotify.com,y,1
68,1,AG-CORP-2556989Z,Dabjam,59411212I,China,09 Lake View Hill,80-544,,352-827-1984,lduplan1w@altervista.org,http://yahoo.co.jp,Levon,Duplan,537-516-1822,Albanian,Voter Identification Card,F28252918F,16/12/2040,Budget/Accounting Analyst II,Assistant,Connochaetus taurinus,16219092H,16/3/2018,https://amazon.co.uk,y,2
69,1,AG-CORP-5342901Z,Tekfly,54534447S,China,72 Rigney Place,36-997,,445-566-6359,ghaslen1x@i2i.jp,http://dell.com,Genni,Haslen,598-592-5256,Finnish,Voter Identification Card,M29498596V,23/7/2031,Human Resources Assistant III,Assistant,Meleagris gallopavo,12513969J,23/1/2020,https://delicious.com,y,2
70,1,AG-CORP-6628875C,Wordify,87542997G,Malaysia,20732 Birchwood Parkway,28-467,93702,856-540-7939,kkief1y@theguardian.com,https://dailymotion.com,Krishna,Kief,353-331-8429,Montenegrin,Driving License,L79182745Q,19/8/2024,Safety Technician I,Specialist,Agama sp.,64108922A,13/12/2020,https://newsvine.com,y,0
71,1,AG-CORP-9263818Y,Linkbuzz,97386028E,United States,975 Riverside Point,30-002,90045,213-751-1866,tcarnegy1z@theatlantic.com,http://imgur.com,Tani,Carnegy,663-266-3763,Norwegian,Permanent Resident Card,G28287026G,3/4/2034,Automation Specialist IV,Manager,Varanus sp.,57298578L,20/7/2028,http://opensource.org,n,2
72,1,AG-CORP-4010876S,Buzzdog,22115322Q,United States,3783 Atwood Trail,37-654,28205,704-139-7776,bgratton20@boston.com,http://mapquest.com,Beverie,Gratton,512-960-1295,Dari,Employer ID Card,Y22598504O,28/8/2034,Physical Therapy Assistant,Manager,Tachyglossus aculeatus,77593620V,8/11/2036,http://nps.gov,n,2
73,1,AG-CORP-1813826Y,Bluejam,51829300B,China,1 Old Gate Plaza,47-775,,606-899-1865,clearmont21@ox.ac.uk,https://java.com,Chiarra,Learmont,107-765-3219,Tajik,Permanent Resident Card,I11007301A,24/12/2039,Accounting Assistant III,Specialist,Bison bison,35516945X,4/12/2022,https://aboutads.info,y,2
74,1,AG-CORP-2852363V,Skipfire,83672391L,China,3846 Continental Drive,28-295,,117-529-0695,acleverly22@delicious.com,http://cyberchimps.com,Alf,Cleverly,621-890-0665,Kurdish,Health Insurance Card,P69632837G,15/1/2043,Business Systems Development Analyst,Director,Nyctereutes procyonoides,15100430L,25/5/2023,https://woothemes.com,y,2
75,1,AG-CORP-8742741Z,Rhynyx,47724554K,China,0 5th Street,96-975,,455-658-4642,cmorfey23@buzzfeed.com,https://ow.ly,Calley,Morfey,404-790-5556,New Zealand Sign Language,Employer ID Card,E69673081Z,29/3/2045,Staff Scientist,Director,Hymenolaimus malacorhynchus,31793138P,2/5/2040,http://marketwatch.com,n,2
76,1,AG-CORP-2208311K,Yodel,30634400Y,Thailand,9748 High Crossing Terrace,07-437,74110,601-545-4249,ktrimme24@tumblr.com,https://ucoz.com,Kandace,Trimme,631-288-8396,Northern Sotho,PAN Card,Q31644303B,21/6/2039,Geologist IV,Assistant,Columba livia,17062979Z,12/10/2021,https://yellowpages.com,n,2
77,1,AG-CORP-4788523I,Vitz,01335972M,China,8466 Ridgeview Road,64-436,,563-921-6862,psallnow25@theguardian.com,https://github.io,Phedra,Sallnow,232-623-2630,Oriya,Voter Identification Card,U65438271N,20/8/2029,Programmer Analyst II,Assistant,Aquila chrysaetos,67199908O,6/3/2033,https://facebook.com,y,2
78,1,AG-CORP-7341623V,Yozio,95116653G,United States,2062 Summit Plaza,61-174,48670,989-689-9386,fbarca26@joomla.org,https://omniture.com,Field,Barca,215-738-4849,Afrikaans,Passport,R86078689H,2/7/2032,Information Systems Manager,CEO,Papio cynocephalus,81720646W,27/6/2018,https://columbia.edu,n,2
79,1,AG-CORP-6703909J,Browsetype,20390650O,China,2 Moland Alley,42-286,,251-971-8847,pmillett27@paypal.com,https://de.vu,Paule,Millett,533-757-0311,Italian,Birth Certificate,I14026661M,13/2/2028,Marketing Manager,Manager,Lamprotornis chalybaeus,07854367M,7/5/2045,https://nifty.com,n,2
80,1,AG-CORP-1018406H,Zooveo,58751737P,China,29411 Rigney Circle,73-259,,292-427-6977,cgrieger28@oakley.com,https://canalblog.com,Charissa,Grieger,956-299-1641,Yiddish,Village Elder ID,M98760523Z,29/5/2038,Nuclear Power Engineer,Director,Anser caerulescens,72512993G,4/7/2040,https://rakuten.co.jp,n,2
81,1,AG-CORP-5359469I,Voonix,79853610S,China,6778 Hanson Way,71-838,,939-979-9915,gpetrazzi29@google.pl,https://harvard.edu,Gannon,Petrazzi,815-128-8067,Danish,Village Elder ID,C85532329K,25/6/2037,Marketing Manager,Manager,Butorides striatus,97390239V,23/11/2018,http://youku.com,n,2
82,1,AG-CORP-6142113F,Zoombeat,06321795T,China,94806 Jackson Circle,13-490,,662-960-2772,inorthridge2a@elpais.com,https://dot.gov,Ian,Northridge,923-374-7168,Lao,Tax Payer ID,S66197078G,8/11/2018,Research Assistant II,CEO,Sciurus vulgaris,17776373Q,25/5/2021,http://ifeng.com,y,2
83,1,AG-CORP-3217471V,JumpXS,16514221D,China,993 Milwaukee Center,38-324,,382-943-0199,hivanshintsev2b@newyorker.com,http://hud.gov,Hannah,Ivanshintsev,266-562-2942,Dari,Senior Citizen ID,B13861489H,2/10/2022,Account Representative III,Manager,Plegadis falcinellus,15476098Q,3/11/2026,https://hao123.com,n,2
84,1,AG-CORP-8789585O,Dabfeed,46508333J,China,5 6th Hill,49-347,,703-225-1474,amitrikhin2c@msu.edu,https://sphinn.com,Alikee,Mitrikhin,339-122-4759,Māori,Singapore Work Permit,L35390546W,16/5/2032,Structural Engineer,Assistant,Cyrtodactylus louisiadensis,04749097O,24/12/2020,http://behance.net,y,2
85,1,AG-CORP-2326253C,Browsetype,54181682T,China,5656 Ruskin Park,37-254,,281-304-3158,tedinboro2d@feedburner.com,https://1688.com,Tabatha,Edinboro,592-403-6091,Macedonian,Tax Payer ID,U64326157L,16/9/2040,Analyst Programmer,CEO,Lamprotornis superbus,30180085C,5/3/2042,http://prweb.com,n,0
86,1,AG-CORP-6645240G,Meeveo,15994909P,United States,238 Talisman Pass,51-692,33982,941-819-5233,cchapelhow2e@dagondesign.com,https://dropbox.com,Casie,Chapelhow,355-932-8945,Danish,Health Insurance Card,P06313538H,31/3/2039,Graphic Designer,Manager,Crotalus triseriatus,03596338I,26/8/2018,http://ed.gov,n,2
87,1,AG-CORP-9969004U,Divape,31963378N,Malaysia,28162 Petterle Crossing,89-447,55100,436-293-7537,oandresen2f@4shared.com,http://printfriendly.com,Orville,Andresen,702-156-9754,Afrikaans,Permanent Resident Card,I21075840N,14/12/2040,Biostatistician I,CEO,Cracticus nigroagularis,25797935Q,23/1/2039,https://apple.com,n,2
88,1,AG-CORP-2063488K,Skyvu,50598194O,China,796 Arkansas Circle,67-852,,852-584-1962,zfrayling2g@freewebs.com,http://freewebs.com,Zilvia,Frayling,844-437-9393,Oriya,FIN,F08175328T,1/2/2031,Financial Analyst,Specialist,Lycaon pictus,72864016M,7/7/2021,https://nhs.uk,y,2
89,1,AG-CORP-7098249Z,Jaxbean,26919827Q,United States,454 Aberg Court,46-649,80217,303-160-4884,wodam2h@twitpic.com,https://japanpost.jp,Wynny,Odam,514-387-4179,Burmese,FIN,M33235049U,21/5/2024,Data Coordiator,Assistant,Hymenolaimus malacorhynchus,70809703U,23/8/2043,http://ted.com,n,2
90,1,AG-CORP-6139083L,Geba,46637334V,Thailand,8107 Northland Junction,15-680,23110,280-120-2994,jkyte2i@odnoklassniki.ru,http://salon.com,Jackson,Kyte,230-457-0183,Amharic,Employer ID Card,S47305249K,10/5/2021,Staff Scientist,Assistant,Varanus salvator,70161202Z,9/10/2028,http://blog.com,y,2
91,1,AG-CORP-4289373A,Jamia,85165958F,China,4 Knutson Road,08-092,,445-221-0715,tpeterffy2j@theatlantic.com,http://google.com,Tomas,Peterffy,720-900-1417,Assamese,NRIC,U73878991I,24/8/2018,Librarian,CEO,Carduelis pinus,68025010A,9/9/2027,https://rediff.com,y,1
92,1,AG-CORP-0015936U,Wikizz,01916081M,China,04 Bowman Crossing,08-091,,706-495-5854,dwatkinson2k@51.la,http://google.ca,Dianne,Watkinson,210-264-3942,Tok Pisin,Singapore Work Permit,F02205529P,23/7/2023,Software Test Engineer IV,Specialist,Notechis semmiannulatus,66711141S,12/10/2019,https://un.org,n,0
93,1,AG-CORP-4760483M,Feedmix,02985708J,China,7041 Lakewood Crossing,05-877,,899-435-7192,ddezamora2l@fda.gov,http://furl.net,Dana,de Zamora,712-676-0674,Malagasy,Passport,O01482466S,27/5/2029,Systems Administrator III,CEO,Haliaeetus leucocephalus,91749635X,9/7/2022,http://wunderground.com,y,2
94,1,AG-CORP-6307463L,Dabtype,65491936S,China,76 8th Drive,76-398,,192-735-6811,pblewitt2m@cafepress.com,http://homestead.com,Priscilla,Blewitt,214-192-1154,Zulu,PAN Card,Y02990015B,25/4/2021,Analyst Programmer,Assistant,Gazella granti,41844594U,5/4/2019,https://weebly.com,y,2
95,1,AG-CORP-9453325N,Aibox,41376943C,China,01367 Menomonie Alley,21-320,,590-781-3512,rraynes2n@newyorker.com,https://dailymotion.com,Raymond,Raynes,358-326-4032,West Frisian,Driving License,D33391757E,12/12/2040,Librarian,Assistant,Myiarchus tuberculifer,13506999B,23/1/2042,http://merriam-webster.com,y,1
96,1,AG-CORP-3371395K,Shufflebeat,25378403Z,United States,4457 Columbus Place,45-164,35895,256-418-3232,pfulton2o@e-recht24.de,https://posterous.com,Pierre,Fulton,551-789-1780,Danish,Voter Identification Card,D29133010V,3/5/2033,GIS Technical Architect,CEO,Uraeginthus granatina,04166002E,15/12/2017,http://webs.com,n,2
97,1,AG-CORP-8470147V,Bubblebox,89035390E,China,6641 Sunfield Pass,07-951,,791-929-7731,iyarnold2p@vk.com,https://wix.com,Ivan,Yarnold,234-405-7938,Khmer,Driving License,H93508068T,6/12/2024,Data Coordiator,Assistant,Canis latrans,57555594Y,5/9/2039,https://paypal.com,y,2
98,1,AG-CORP-9622715W,Lazzy,31333920M,China,58 Eagan Way,84-169,,375-715-2500,proby2q@independent.co.uk,http://ox.ac.uk,Pearle,Roby,565-367-4569,Punjabi,Health Insurance Card,M86989676H,14/8/2022,Staff Accountant II,Director,Ninox superciliaris,11280798M,2/3/2043,http://archive.org,y,2
99,1,AG-CORP-5570327E,Ainyx,00923681E,China,58 Boyd Hill,45-065,,479-606-5701,theak2r@ed.gov,https://instagram.com,Teddy,Heak,898-978-4634,Fijian,Health Insurance Card,D38628796F,18/10/2024,Budget/Accounting Analyst III,Specialist,Neophoca cinerea,44880716M,10/8/2022,http://nydailynews.com,y,0
100,1,AG-CORP-6485218B,Eidel,45298241F,China,738 Vahlen Hill,60-740,,383-796-6855,dstrathearn2s@g.co,http://zdnet.com,Darb,Strathearn,449-258-9343,Malayalam,Singapore Work Permit,P08707871X,10/12/2041,Help Desk Technician,Assistant,Propithecus verreauxi,07965584D,22/11/2023,https://i2i.jp,y,2
101,1,AG-CORP-6039673L,Zooxo,77461140X,China,8005 Valley Edge Drive,00-848,,340-525-0024,cstainland2t@ifeng.com,https://imdb.com,Cari,Stainland,396-167-9826,Korean,Senior Citizen ID,K46853315M,26/8/2041,Research Associate,Specialist,Philetairus socius,78207346C,16/9/2041,https://reuters.com,y,2
102,1,AG-CORP-4003591I,Zoozzy,55868931D,China,8663 Walton Junction,89-526,,665-580-6423,jbrokenshire2u@vistaprint.com,http://europa.eu,Joelly,Brokenshire,253-873-8883,Bosnian,Health Insurance Card,N70515455Q,25/8/2043,Librarian,Assistant,Plegadis falcinellus,17241184X,5/3/2022,http://artisteer.com,y,1
103,1,AG-CORP-5719902M,Aimbu,25786172B,Malaysia,2 Northfield Court,85-525,70504,137-891-7206,tcumpsty2v@earthlink.net,https://360.cn,Tadd,Cumpsty,142-377-6728,Hiri Motu,Village Elder ID,P99253029R,6/10/2037,Systems Administrator IV,Manager,Threskionis aethiopicus,49884298K,14/2/2040,https://privacy.gov.au,y,2
104,1,AG-CORP-7533655J,Tazzy,25895964J,China,52424 Heffernan Court,69-721,,123-792-9212,dpaolucci2w@xrea.com,http://slideshare.net,Devinne,Paolucci,115-394-6032,Zulu,Permanent Resident Card,Y91903334B,5/3/2043,Budget/Accounting Analyst III,Specialist,Phalacrocorax niger,21319929L,7/10/2040,http://cocolog-nifty.com,n,0
105,1,AG-CORP-0181057K,Jabbersphere,88595078B,United States,753 Morrow Place,21-296,92668,650-600-9490,kbavin2x@alibaba.com,https://patch.com,Kendra,Bavin,791-413-5210,Afrikaans,Birth Certificate,L03417921X,8/11/2041,Research Assistant IV,Manager,Turtur chalcospilos,95911549D,17/1/2020,http://flickr.com,n,1
106,1,AG-CORP-7475048U,Yadel,13435219P,China,331 Bartelt Center,13-341,,218-730-7698,kbew2y@gnu.org,https://nyu.edu,Kincaid,Bew,910-877-8352,Icelandic,Singapore Work Permit,K39664240H,26/3/2032,Administrative Assistant I,Assistant,Lycaon pictus,87673129L,7/2/2026,http://virginia.edu,y,0
107,1,AG-CORP-9461636S,Tambee,82787838C,China,0 Esker Street,22-828,,974-235-5737,gmedcalf2z@miitbeian.gov.cn,http://cbc.ca,Gracie,Medcalf,254-137-3497,Oriya,Tax Payer ID,J07257838D,30/7/2022,Human Resources Assistant I,CEO,Tamiasciurus hudsonicus,92212283Q,6/12/2027,http://cocolog-nifty.com,n,2
108,1,AG-CORP-4333821C,Wikivu,36198801W,Malaysia,9797 Stephen Plaza,72-561,50672,452-210-1009,igadman30@uiuc.edu,https://nih.gov,Ingrid,Gadman,421-245-2464,German,Tax Payer ID,H45372195J,13/11/2020,Environmental Tech,Assistant,Phalacrocorax carbo,26925371R,17/12/2022,https://zimbio.com,n,2
109,1,AG-CORP-1536298S,Thoughtmix,82184699V,China,00 Alpine Plaza,36-047,,409-681-0452,cbogue31@miibeian.gov.cn,https://gmpg.org,Clywd,Bogue,189-489-7750,Swedish,NRIC,T59906361J,16/2/2034,Help Desk Operator,Manager,Panthera tigris,98205697T,15/3/2041,http://ifeng.com,y,2
110,1,AG-CORP-5574360A,Jaxspan,75838890J,China,409 Westerfield Road,69-145,,753-840-5125,lkobu32@pen.io,http://walmart.com,Laurie,Kobu,469-350-8740,Guaraní,Voter Identification Card,G31455601X,24/6/2036,Staff Accountant III,Specialist,Corythornis cristata,09961915T,3/6/2040,http://dot.gov,y,1
111,1,AG-CORP-1573878Y,Skinix,87311860M,United States,72 Blue Bill Park Drive,51-705,33175,305-560-4109,dtroke33@forbes.com,https://example.com,Dante,Troke,174-490-0050,Gujarati,PAN Card,N29811851L,16/10/2029,Developer I,Director,Mustela nigripes,73147384T,3/8/2031,https://skype.com,n,2
112,1,AG-CORP-2050300S,Devshare,33744661H,China,52 Victoria Pass,75-997,,535-919-7393,szamorrano34@fotki.com,https://twitter.com,Suzann,Zamorrano,481-736-5770,Nepali,Tax Payer ID,X93192067C,10/10/2041,Web Designer III,Director,Chelodina longicollis,51865193B,4/7/2024,http://digg.com,y,1
113,1,AG-CORP-8068541Z,Eimbee,17365737C,China,07 Orin Plaza,43-155,,776-519-4506,lbools35@goo.gl,https://mapy.cz,Loy,Bools,689-818-9762,Malayalam,NRIC,E76009268Z,9/7/2043,Assistant Media Planner,Manager,Petaurus breviceps,26569993Z,31/12/2041,http://google.com.br,y,1
114,1,AG-CORP-2127599K,Thoughtsphere,98049686U,China,1 Gulseth Parkway,72-123,,714-710-2473,nwhittlesey36@webeden.co.uk,https://techcrunch.com,Nobe,Whittlesey,447-340-4166,Bulgarian,PAN Card,R77748613S,17/5/2037,Business Systems Development Analyst,CEO,Sylvilagus floridanus,10527708B,10/2/2040,http://reuters.com,n,2
115,1,AG-CORP-6451186V,Browsecat,39569078V,China,8896 Eliot Circle,12-339,,104-897-3242,lnertney37@cmu.edu,http://indiatimes.com,Latisha,Nertney,113-148-9117,New Zealand Sign Language,Identification Card,W87040435G,17/6/2037,Social Worker,Manager,Coluber constrictor,51850843K,28/5/2027,https://vimeo.com,y,1
116,1,AG-CORP-9463050V,Gigabox,80619200H,Thailand,831 Tennyson Crossing,38-600,24120,476-287-0070,crannald38@instagram.com,http://storify.com,Conny,Rannald,480-499-9808,Tetum,Singapore Work Permit,J65856788U,19/9/2036,Registered Nurse,Specialist,unavailable,45147067W,7/10/2023,https://free.fr,y,1
117,1,AG-CORP-5856759V,Voolith,22491950Q,United States,7566 Buena Vista Point,17-164,93907,831-260-3484,shawton39@ebay.com,http://dedecms.com,Sigvard,Hawton,337-724-5800,Croatian,PAN Card,C27559423Z,13/9/2035,Business Systems Development Analyst,Specialist,Diomedea irrorata,62501959H,25/9/2035,https://about.me,y,0
118,1,AG-CORP-9858147N,Thoughtbridge,90782414J,China,408 Talmadge Terrace,55-838,,626-797-1931,mkryzhov3a@arstechnica.com,https://jiathis.com,Mellicent,Kryzhov,850-527-3030,Assamese,PAN Card,G72194108E,8/6/2038,Mechanical Systems Engineer,Specialist,Dicrostonyx groenlandicus,19961281O,15/8/2033,https://msn.com,y,2
119,1,AG-CORP-4986927Z,Bubblemix,96954805B,China,7883 Waubesa Center,69-668,,783-341-7777,btwinborough3b@slideshare.net,https://imdb.com,Betsey,Twinborough,307-385-3343,Kyrgyz,Senior Citizen ID,N46633109B,27/7/2034,Teacher,CEO,Lorythaixoides concolor,98053948Z,6/3/2034,https://nasa.gov,n,1
120,1,AG-CORP-3570772O,Tagtune,69131141G,China,51 Summer Ridge Road,01-524,,648-601-8284,esargerson3c@hugedomains.com,http://guardian.co.uk,Earvin,Sargerson,296-637-5965,Croatian,NRIC,J07390541P,9/9/2032,Librarian,Manager,Laniarius ferrugineus,98339930D,6/6/2024,https://odnoklassniki.ru,n,1
121,1,AG-CORP-5162524J,Dazzlesphere,05859838N,China,45 Spaight Center,71-991,,893-162-3938,opawlata3d@discuz.net,http://webmd.com,Osmond,Pawlata,986-207-7792,Kyrgyz,PAN Card,U78549814P,7/4/2031,Quality Engineer,Manager,Amazona sp.,18775783C,12/8/2027,http://zimbio.com,y,2
122,1,AG-CORP-4247077D,Muxo,87216944F,China,9 Hooker Road,62-707,,998-575-6623,kcheng3e@marketwatch.com,https://woothemes.com,Kali,Cheng,865-249-2512,Catalan,Tax Payer ID,B42027333T,30/3/2021,Systems Administrator II,Assistant,Milvago chimachima,17857523F,22/8/2021,https://usnews.com,n,2
123,1,AG-CORP-7883904G,Shufflester,51734019L,China,25 Kropf Center,66-903,,189-283-5330,sgorler3f@newyorker.com,https://answers.com,Sheree,Gorler,150-785-1005,Tswana,Permanent Resident Card,F45516563J,5/3/2042,Project Manager,Director,Gerbillus sp.,03294574E,28/1/2036,http://symantec.com,n,2
124,1,AG-CORP-1959116B,Wordware,61932264P,China,1347 Independence Trail,15-645,,922-529-2573,fdybbe3g@flickr.com,https://google.com.hk,Fayre,Dybbe,142-778-4316,Telugu,Village Elder ID,L30706745R,20/2/2022,Tax Accountant,Manager,Rhabdomys pumilio,35835920R,8/6/2037,https://illinois.edu,n,1
125,1,AG-CORP-9058277M,Yodel,29982716P,China,5096 Autumn Leaf Trail,17-380,,244-681-1741,lgandy3h@google.com.au,https://goodreads.com,Laurel,Gandy,727-355-8952,Montenegrin,Driving License,T16837211P,6/5/2025,Software Test Engineer II,Director,Scolopax minor,59863417E,3/3/2035,http://blogtalkradio.com,n,1
126,1,AG-CORP-7353615I,DabZ,11501266U,China,7 Haas Road,80-858,,719-172-2595,cfrankum3i@google.es,http://accuweather.com,Corny,Frankum,102-598-9055,Filipino,Social Security Card,M16449120J,18/10/2029,Analyst Programmer,Director,Picoides pubescens,46007471L,22/9/2041,http://dedecms.com,y,0
127,1,AG-CORP-2643160Z,Oloo,50566467C,China,8 Acker Avenue,63-236,,422-898-4722,rbetjes3j@com.com,https://slideshare.net,Red,Betjes,935-642-4233,Afrikaans,Birth Certificate,N85260888Y,25/2/2026,Director of Sales,Specialist,Cracticus nigroagularis,09660386E,29/12/2041,https://shop-pro.jp,y,2
128,1,AG-CORP-0616432Z,Yombu,76368449V,China,506 Everett Court,56-496,,888-394-1323,wphilpots3k@myspace.com,https://wix.com,Wells,Philpots,803-488-0361,Chinese,Singapore Work Permit,W26677094W,17/8/2026,Software Test Engineer IV,Director,Porphyrio porphyrio,49503082I,29/5/2029,http://naver.com,y,1
129,1,AG-CORP-0420106W,Realblab,99648849I,China,6 Bunker Hill Way,14-626,,782-309-0756,aarmiger3l@bloomberg.com,http://salon.com,Arley,Armiger,892-335-7836,Hindi,Permanent Resident Card,O05819830C,1/12/2022,Marketing Manager,CEO,Crax sp.,50018398M,10/6/2032,https://acquirethisname.com,y,0
130,1,AG-CORP-2946651X,Riffwire,13565920Z,China,9 Kim Point,19-840,,564-142-4037,tvakhrushin3m@seattletimes.com,https://usda.gov,Templeton,Vakhrushin,637-345-4256,Croatian,Health Insurance Card,V59747865Y,12/7/2026,Programmer III,Director,Phalacrocorax niger,84080871U,2/9/2035,https://newsvine.com,y,2
131,1,AG-CORP-6455198L,Yacero,95064656M,China,48261 Linden Hill,01-630,,160-652-9028,tadriano3n@senate.gov,http://oaic.gov.au,Theodora,Adriano,619-442-2719,Tswana,Permanent Resident Card,K79407932V,12/4/2032,Design Engineer,Specialist,Macropus fuliginosus,40883438B,16/10/2039,http://ask.com,y,2
132,1,AG-CORP-0785889X,Aimbu,68506223F,China,781 Anniversary Alley,59-963,,950-541-7753,gdmiterko3o@msn.com,https://weather.com,Giffie,Dmiterko,713-998-3156,Armenian,Identification Card,H29064606T,18/5/2041,Account Coordinator,Manager,Macaca mulatta,56718964E,13/10/2035,https://amazonaws.com,y,1
133,1,AG-CORP-6521903S,Digitube,50159148U,China,1 Bonner Pass,78-676,,324-824-0227,ssouten3p@wikimedia.org,http://ask.com,Shelley,Souten,848-867-9050,Tsonga,Identification Card,C13782489L,6/7/2040,Executive Secretary,Director,Varanus albigularis,38158026O,17/11/2043,https://qq.com,n,2
134,1,AG-CORP-2609918C,Youtags,63740249V,China,5627 Carioca Avenue,08-777,,555-396-6645,pgolledge3q@senate.gov,http://mlb.com,Putnem,Golledge,761-692-4169,Hebrew,NRIC,M20637020R,8/10/2036,Product Engineer,Assistant,Irania gutteralis,75344799I,12/8/2027,http://amazonaws.com,y,1
135,1,AG-CORP-1922204Q,Topicblab,53974173K,China,272 Ridge Oak Court,85-868,,371-351-4330,vmitton3r@wikimedia.org,http://census.gov,Virgil,Mitton,999-574-4912,Catalan,NRIC,S38386155R,20/2/2034,Chief Design Engineer,Director,Oxybelis sp.,21974271A,7/8/2044,http://tripod.com,n,2
136,1,AG-CORP-0806513H,Fivechat,72172468Z,China,4807 Holmberg Terrace,96-692,,934-546-9844,ddunridge3s@telegraph.co.uk,https://ebay.com,Dniren,Dunridge,556-196-1983,Bislama,Tax Payer ID,W67587076R,8/6/2040,GIS Technical Architect,Manager,Paraxerus cepapi,15372306M,13/6/2044,http://indiegogo.com,y,2
137,1,AG-CORP-8434432W,Divavu,02140314T,China,87 Leroy Parkway,62-055,,576-805-6082,gmarklin3t@ox.ac.uk,http://histats.com,Gilly,Marklin,776-599-4144,Tswana,Singapore Work Permit,T74350877L,27/11/2037,Nuclear Power Engineer,Director,Phalacrocorax albiventer,41163582I,27/7/2024,https://jigsy.com,y,2
138,1,AG-CORP-2496177T,Mycat,43568854K,China,62 Green Crossing,19-936,,227-507-1637,hopie3u@opensource.org,https://dailymail.co.uk,Hurleigh,Opie,859-943-8012,Catalan,Identification Card,E97071379U,24/10/2039,Web Developer III,Specialist,Psophia viridis,01676559I,3/9/2028,https://fotki.com,n,2
139,1,AG-CORP-8300658H,Zooveo,09695163F,China,51868 Bunting Avenue,17-276,,117-346-1102,fhaspineall3v@flavors.me,https://nymag.com,Friedrich,Haspineall,919-286-7567,Nepali,Permanent Resident Card,N13603819V,9/8/2033,Recruiting Manager,Manager,Numida meleagris,02590876C,21/5/2025,https://about.com,n,1
140,1,AG-CORP-3496157O,Fadeo,83536151M,China,197 Esch Trail,32-214,,325-142-1712,asibson3w@people.com.cn,http://ow.ly,Arleyne,Sibson,789-130-1516,Northern Sotho,Driving License,R31138468O,25/8/2022,Staff Accountant III,CEO,Theropithecus gelada,58299509U,24/9/2029,http://theatlantic.com,y,2
141,1,AG-CORP-6165804K,Wikibox,19043038W,Thailand,9255 Reindahl Hill,98-086,47110,654-715-1800,mnassie3x@g.co,http://photobucket.com,Minne,Nassie,591-145-6263,Armenian,Singapore Work Permit,E58554173L,12/10/2038,Design Engineer,Assistant,unavailable,95433851X,4/5/2021,https://miibeian.gov.cn,y,2
142,1,AG-CORP-6674006D,Chatterpoint,69715947D,China,41 Prairie Rose Parkway,33-919,,462-634-5040,pmacdiarmond3y@nih.gov,http://archive.org,Pauli,MacDiarmond,145-336-8693,Icelandic,Driving License,C25606136G,19/6/2039,Marketing Assistant,Director,Raphicerus campestris,79472616R,16/6/2026,http://163.com,y,2
143,1,AG-CORP-7384352Q,Flipopia,22524861Y,China,8423 Mayfield Park,75-610,,922-402-5544,lmitchel3z@berkeley.edu,https://scribd.com,Lynne,Mitchel,955-525-2535,Dutch,Health Insurance Card,Y05815810M,16/11/2043,Business Systems Development Analyst,Assistant,Buteo jamaicensis,37362735Q,29/9/2032,https://ocn.ne.jp,y,2
144,1,AG-CORP-1974993E,Thoughtstorm,91967183Q,China,7 Shoshone Junction,48-379,,598-605-0180,udeny40@tinypic.com,https://storify.com,Urbanus,Deny,601-303-2274,Hebrew,Permanent Resident Card,R60217845J,4/4/2040,Librarian,Director,Ramphastos tucanus,27259515J,16/3/2042,https://yahoo.com,y,2
145,1,AG-CORP-2736911R,Brainverse,20125034X,China,1578 Holy Cross Street,57-785,,709-896-0582,dsewley41@netvibes.com,http://boston.com,Domeniga,Sewley,590-196-9401,Belarusian,Singapore Work Permit,S97166592I,4/10/2032,Technical Writer,Manager,Cathartes aura,44349708I,19/3/2022,https://oakley.com,y,0
146,1,AG-CORP-4073596V,Twimbo,42882509Z,China,93 Mesta Crossing,48-317,,385-366-2952,fbalding42@unesco.org,https://jimdo.com,Faydra,Balding,586-339-8534,Thai,Social Security Card,F28194157I,11/3/2043,Actuary,Director,Phoenicopterus ruber,57726788O,13/8/2034,http://cbslocal.com,y,2
147,1,AG-CORP-6894679C,JumpXS,42917723P,China,4207 Buena Vista Place,12-794,,548-938-3993,fpaulino43@cornell.edu,http://rambler.ru,Franciska,Paulino,398-366-3151,Estonian,Passport,A79969055W,9/4/2024,Geologist I,Manager,Echimys chrysurus,27837704S,2/12/2039,https://twitter.com,y,2
148,1,AG-CORP-8522932X,Meedoo,89515706N,Thailand,897 Emmet Road,19-639,64150,955-209-2743,jkohter44@icio.us,http://ebay.co.uk,Jeremy,Kohter,423-213-7367,Malay,Driving License,A86630414S,1/12/2029,Nurse Practicioner,Specialist,Stercorarius longicausus,80397708S,29/7/2022,https://state.gov,n,2
149,1,AG-CORP-9141914X,Innojam,76174220V,China,4982 Northport Court,31-732,,289-499-5362,emonnelly45@diigo.com,https://drupal.org,Efren,Monnelly,376-141-6569,Portuguese,Tax Payer ID,E87370311N,9/8/2036,Accountant I,Assistant,Hydrochoerus hydrochaeris,23911533A,20/1/2027,http://cnet.com,n,2
